source,text,title,author,url,created_utc
mastodon,Morning in the Garden with Ramen #dogsofpixelfed #dog #caramelo #iphone16 #iphone #photo #photography #nicaragua,#iphone16 post,scottalanmiller@nicagram.com,https://nicagram.com/p/scottalanmiller/1005529269306265600,2026-09-15T17:34:19
mastodon,"Le FineWoven n'est pas encore mort, mais est de moins en moins employé par Apple http:// dlvr.it/TVQQ52 # Apple # iPhone16",#iphone16 post,macgeneration@social.macg.co,https://social.macg.co/@macgeneration/117247814164716166,2026-09-10T17:01:04
mastodon,"Apple increases iPhone 16, 17, Air and 17e prices Instead of cutting prices on older iPhones, Apple has added $100 to their U.S. starting prices. https:// gadgetbond.com/apple-iphone-16 -17-air-17e-price-increase/",#iphone16 post,Shubham@gadgetbond.com,https://gadgetbond.com/apple-iphone-16-17-air-17e-price-increase/,2026-09-10T16:53:59
mastodon,Apple Raises Prices On Older iPhone Models # apple # iphone16 # iphone17 # iphone17e # iphoneair # mobilephones https://www. lowyat.net/2026/403947/apple-r aises-prices-older-iphone-models/,#iphone16 post,lowyat,https://mastodon.social/@lowyat/117245922702124687,2026-09-10T09:00:02
mastodon,"Apple Raises Prices of iPhone 16, iPhone 17, iPhone Air, and iPhone 17e https:// fed.brid.gy/r/https://www.macr umors.com/2026/09/09/apple-raises-iphone-17-prices/",#iphone16 post,macrumors.com@web.brid.gy,https://fed.brid.gy/r/https://www.macrumors.com/2026/09/09/apple-raises-iphone-17-prices/,2026-09-09T11:39:31
mastodon,"The iPhone 18 launch is here, but buyers can get the iPhone 16 at a lower price with bank and exchange offers on Flipkart and Reliance Digital. https:// english.mathrubhumi.com/techno logy/iphone-18-launch-iphone-16-price-offers-xa5soy7k?utm_source=dlvr.it&amp;utm_medium=mastodon # iPhone18 # iPhone16 # AppleIndia # iPhoneDeals # AppleLaunchEvent",#iphone16 post,Mathrubhumi_English,https://mastodon.social/@Mathrubhumi_English/117240417179876146,2026-09-09T09:39:55
mastodon,iPhone 17 (256 GB) tem queda histórica de preço na Amazon https:// fed.brid.gy/r/https://tecnoblo g.net/achados/iphone-17-256-gb-tem-queda-historica-de-preco-na-amazon/,#iphone16 post,tecnoblog.net@web.brid.gy,https://fed.brid.gy/r/https://tecnoblog.net/achados/iphone-17-256-gb-tem-queda-historica-de-preco-na-amazon/,2026-09-08T16:58:44
mastodon,"𝗛𝗲𝘁 𝗲𝗶𝗻𝗱𝗲 𝘃𝗮𝗻 𝗱𝗲 𝗶𝗣𝗵𝗼𝗻𝗲 16 (𝗣𝗹𝘂𝘀) 𝗸𝗼𝗺𝘁 𝗱𝗶𝗰𝗵𝘁𝗲𝗿𝗯𝗶𝗷 (𝗱𝗶𝘁 𝗶𝘀 𝗷𝗲 𝗹𝗮𝗮𝘁𝘀𝘁𝗲 𝗸𝗮𝗻𝘀) De iPhone 16 en iPhone 16 Plus worden langzaam uit het aanbod van Apple teruggetrokken nu het bedrijf zich richt op recentere modellen. Voor wie nog een van deze toestellen wil aanschaffen, loont het om de huidige prijzen bij providers en webshops goed te vergelijken. https://www. iculture.nl/deals/laatste-kans -iphone-16-en-16-plus/ # einde # iPhone16 # laatste kans",#iphone16 post,iculture_nl,https://mastodon.social/@iculture_nl/117236018646479001,2026-09-08T15:01:19
mastodon,"Just ""upgraded"" to iPhone from a Samsung Android and am a bit disappointed. Though physically about the same size, the iPhone is heavier, and it's squared off shape feels a bit awkward. I also miss the (virtual) backspace button, and the Apple messages keyboard has the comma and period keys on the num page, which seems really odd. The Samsung keyboard was much better. First-world problems, I know. I switched to iPhone for the AirTag compatibility as our cat has an AirTag on his collar. # iPhone16",#iphone16 post,Doppelganger75@mastodon.world,https://mastodon.world/@Doppelganger75/117220375061056590,2026-09-05T20:42:56
mastodon,iPhone 16 (256 GB) tem maior queda de preço dos últimos meses com cupom https:// fed.brid.gy/r/https://tecnoblo g.net/achados/iphone-16-256-gb-tem-maior-queda-de-preco-dos-ultimos-meses-com-cupom/,#iphone16 post,tecnoblog.net@web.brid.gy,https://fed.brid.gy/r/https://tecnoblog.net/achados/iphone-16-256-gb-tem-maior-queda-de-preco-dos-ultimos-meses-com-cupom/,2026-08-27T14:14:45
mastodon,"Apple’s $9 polishing cloth is real, useful, and still kind of silly The cloth itself hasn’t changed. The price has. And that shift says a lot about how Apple sells even the smallest accessories. https:// gadgetbond.com/apple-polishing -cloth-2026-launch/",#iphone16 post,Shubham@gadgetbond.com,https://gadgetbond.com/apple-polishing-cloth-2026-launch/,2026-08-26T07:32:05
mastodon,"Can your phone really be a movie maker beyond mere small shots and family videos? Directors are making it happen, as a little bit of movie magic comes to the mobile. https://www. pickr.com.au/news/2026/phones- and-apps-are-now-filmmaking-tools-of-choice # apps # cameras # news # blackmagic # filmmaking # iphone # iphone16",#iphone16 post,pickr,https://mastodon.social/@pickr/117159029864047337,2026-08-26T00:42:03
mastodon,¿Qué trae iOS 27 beta 7 y cuándo llegará la nueva Siri AI al iPhone? # iOS27 # iOS27Beta7 # Apple # iPhone # SiriAI # AppleIntelligence # iOSBeta # Tecnologia # ActualizacioniPhone # iPhone15Pro # iPhone16 # InteligenciaArtificial # felizlunes # 24deagosto https:// donporque.com/que-cambia-en-io s-27-beta-7/,#iphone16 post,donporque,https://mastodon.social/@donporque/117152682904050000,2026-08-24T21:47:56
mastodon,"🔥 iPhone 16 Pro Max vs iPhone 17 Pro Max — which one should you buy in 2026? The iPhone 17 Pro Max lead with: ⚡ A19 Pro chip 📸 48MP telephoto + optical-quality 8x zoom ☀️ 3,000-nit display 🔋 Longer battery life 🚀 Faster charging 🤳 18MP Center Stage camera But the 16 Pro Max still wins on titanium design and can be the better value at a big discount. Full comparison: iPhone 16 Pro Max vs iPhone 17 Pro Max https:// technexahub.com/comparisons/ip hone-16-pro-max-vs-iphone-17-pro-max-comparison/ # iPhone17ProMax # iPhone16ProMax # iPhone16 # iPhoneComparison",#iphone16 post,technexahub,https://mastodon.social/@technexahub/117145595600169198,2026-08-23T15:45:32
mastodon,iPhone 16 registra queda superior a 40% em oferta na Amazon https:// fed.brid.gy/r/https://tecnoblo g.net/achados/iphone-16-registra-queda-superior-a-40-em-oferta-na-amazon/,#iphone16 post,tecnoblog.net@web.brid.gy,https://fed.brid.gy/r/https://tecnoblog.net/achados/iphone-16-registra-queda-superior-a-40-em-oferta-na-amazon/,2026-08-20T14:39:45
hackernews,iPhone 16 Pro and iPhone 16 Pro Max,iPhone 16 Pro and iPhone 16 Pro Max,mfiguiere,https://www.apple.com/newsroom/2024/09/apple-debuts-iphone-16-pro-and-iphone-16-pro-max/,2024-09-09T18:39:33
hackernews,iPhone 16 cameras vs. traditional digital cameras,iPhone 16 cameras vs. traditional digital cameras,sergiotapia,https://candid9.com/phone-camera/,2025-07-29T13:58:06
hackernews,Apple Debuts iPhone 16e,Apple Debuts iPhone 16e,dm,https://www.apple.com/newsroom/2025/02/apple-debuts-iphone-16e-a-powerful-new-member-of-the-iphone-16-family/,2025-02-19T16:00:25
hackernews,How the iPhone 16's electrically-released adhesive works,How the iPhone 16's electrically-released adhesive works,jamesy0ung,https://www.ifixit.com/News/100352/we-hot-wired-the-iphone-16,2024-09-23T07:18:34
hackernews,My iPhone 16 Pro Max produces garbage output when running MLX LLMs,My iPhone 16 Pro Max produces garbage output when running MLX LLMs,rafaelcosta,https://journal.rafaelcosta.me/my-thousand-dollar-iphone-cant-do-math/,2026-02-01T20:51:56
hackernews,iPhone 16 Pro Storage Expansion 128GB to 1TB [video],iPhone 16 Pro Storage Expansion 128GB to 1TB [video],haunter,https://www.youtube.com/watch?v=KRRNR4HyYaw,2024-09-23T22:11:56
hackernews,Apple Shares Full iPhone 16 and iPhone 16 Pro Repair Manuals,Apple Shares Full iPhone 16 and iPhone 16 Pro Repair Manuals,stalfosknight,https://www.macrumors.com/2024/09/20/iphone-16-repair-manual/,2024-09-21T00:17:16
hackernews,Why Apple Uses JPEG XL in the iPhone 16 and What It Means for Your Photos,Why Apple Uses JPEG XL in the iPhone 16 and What It Means for Your Photos,alwillis,https://petapixel.com/2024/09/18/why-apple-uses-jpeg-xl-in-the-iphone-16-and-what-it-means-for-your-photos/,2024-09-20T02:10:45
hackernews,A Billion Pixels a Second: Inside Apple's iPhone 16 Camera Labs,A Billion Pixels a Second: Inside Apple's iPhone 16 Camera Labs,thm,https://www.cnet.com/tech/mobile/a-billion-pixels-a-second-i-got-a-rare-look-inside-apples-secret-iphone-16-camera-labs/,2024-12-31T10:56:29
hackernews,Bricked iPhone 16 Can Be Restored Wirelessly Using Another iPhone,Bricked iPhone 16 Can Be Restored Wirelessly Using Another iPhone,impish9208,https://www.macrumors.com/2024/09/18/iphone-16-restored-wirelessly-another-iphone/,2024-09-18T12:00:01
hackernews,iPhone 16's A18 Pro chip outperforms the M1 chip,iPhone 16's A18 Pro chip outperforms the M1 chip,retskrad,https://9to5mac.com/2024/09/14/iphone-16-pro-m1/,2024-09-14T16:40:26
hackernews,iPhone 16 demand is so weak that employees can already buy it on discount,iPhone 16 demand is so weak that employees can already buy it on discount,elorant,https://qz.com/apple-iphone-16-pre-orders-sales-intelligence-ai-1851651638,2024-09-18T23:12:39
hackernews,iPhone 16 could let you shoot in JPEG-XL,iPhone 16 could let you shoot in JPEG-XL,jerryX,https://www.idownloadblog.com/2024/08/22/iphone-16-jpeg-xl-rumor/,2024-08-24T02:09:05
hackernews,iPhone 16 Best-Selling Smartphone in 2025; Apple Takes 7 Spots in Top Models,iPhone 16 Best-Selling Smartphone in 2025; Apple Takes 7 Spots in Top Models,TMWNN,https://counterpointresearch.com/en/insights/iphone-16-worlds-best-selling-smartphone-in-2025-apple-takes-7-spots-in-top-10-models,2026-01-29T20:49:04
hackernews,"Apple iPhone 16 Is Now Illegal in Indonesia, Ban Leaves Tourists in the Lurch","Apple iPhone 16 Is Now Illegal in Indonesia, Ban Leaves Tourists in the Lurch",thunderbong,https://www.news18.com/tech/apple-iphone-16-is-now-illegal-in-indonesia-ban-leaves-tourists-in-the-lurch-9099034.html,2024-10-28T01:42:17
news,"iPhone 16 Pro vs. iPhone 18 Pro Buyer's Guide: Worth Upgrading? - MacRumors. <a href=""https://news.google.com/rss/articles/CBMiZ0FVX3lxTFAxNGZhQ0tmZ0sydXBwSE1WZUlJbDVDbGs5M1lHRG5NT0JsWXRjbndDaDRoNW95Q2hMckFkTmtvMHo0cnJKNGdoenp4cFVUam5TcnFKdWhLNk5NVkE5Z1IzckxCLVRnSjg?oc=5"" target=""_blank"">iPhone 16 Pro vs. iPhone 18 Pro Buyer's Guide: Worth Upgrading?</a>&nbsp;&nbsp;<font color=""#6f6f6f"">MacRumors</font>",iPhone 16 Pro vs. iPhone 18 Pro Buyer's Guide: Worth Upgrading? - MacRumors,,https://news.google.com/rss/articles/CBMiZ0FVX3lxTFAxNGZhQ0tmZ0sydXBwSE1WZUlJbDVDbGs5M1lHRG5NT0JsWXRjbndDaDRoNW95Q2hMckFkTmtvMHo0cnJKNGdoenp4cFVUam5TcnFKdWhLNk5NVkE5Z1IzckxCLVRnSjg?oc=5,"Tue, 15 Sep 2026 19:17"
news,"iPhone 18 Pro vs iPhone 17 Pro vs iPhone 16 Pro: Specs, Features And Key Differences - AugustMan Singapore. <a href=""https://news.google.com/rss/articles/CBMiswFBVV95cUxQQV9pU3lHVlAxMV9kTFFZYlBWM19OLUx4djlORHg0b3RLQjBOaU01WFV4ZkxWVm1jZS1GdlJWQk5PQ0tzcTZfNTNIYjRZb0hPTHpFNVQtcWYwS3l0QXlrN2ZwRW9leVhneXlpSUNQVDhYa2RUcmpEeXFzWmlteUlwcnJfT0dENEQwdncxXzZBdVEwNGw1aHRGUDIyQ3VqeG1kUG42d3BKbmViOHM1ODRKR1Bma9IBuAFBVV95cUxOekduZERubndQLWtiOTZOdnZrb0hkZnFxd3l0Rmdidi1jMW9HdXVjSnp1cDRKSmwzTWx6TnEyTUVmaUZSNlpTQUNPOUk1MXRhdnJzWV85cHRuV1RSYXFqR3pXS1lHcGtiWC1VRU02Qi1MbFdDOFVpejh0U0d0T1pkRDN3LU1zZWlZemt6NHVqN0JkMm8xcjlXdENrM2tjbzdYMXV3azJfLWdZUnVFeTNrVGRnT2o5NktB?oc=5"" target=""_blank"">iPhone 18 Pro vs iPhone 17 Pro vs iPhone 16 Pro: Specs, Features And Key Differences</a>&nbsp;&nbsp;<font color=""#6f6f6f"">AugustMan Singapore</font>","iPhone 18 Pro vs iPhone 17 Pro vs iPhone 16 Pro: Specs, Features And Key Differences - AugustMan Singapore",,https://news.google.com/rss/articles/CBMiswFBVV95cUxQQV9pU3lHVlAxMV9kTFFZYlBWM19OLUx4djlORHg0b3RLQjBOaU01WFV4ZkxWVm1jZS1GdlJWQk5PQ0tzcTZfNTNIYjRZb0hPTHpFNVQtcWYwS3l0QXlrN2ZwRW9leVhneXlpSUNQVDhYa2RUcmpEeXFzWmlteUlwcnJfT0dENEQwdncxXzZBdVEwNGw1aHRGUDIyQ3VqeG1kUG42d3BKbmViOHM1ODRKR1Bma9IBuAFBVV95cUxOekduZERubndQLWtiOTZOdnZrb0hkZnFxd3l0Rmdidi1jMW9HdXVjSnp1cDRKSmwzTWx6TnEyTUVmaUZSNlpTQUNPOUk1MXRhdnJzWV85cHRuV1RSYXFqR3pXS1lHcGtiWC1VRU02Qi1MbFdDOFVpejh0U0d0T1pkRDN3LU1zZWlZemt6NHVqN0JkMm8xcjlXdENrM2tjbzdYMXV3azJfLWdZUnVFeTNrVGRnT2o5NktB?oc=5,"Thu, 17 Sep 2026 02:23"
news,"Google Pixel 11 review: Our lab tests - display, battery life, charging speed, speaker - gsmarena.com. <a href=""https://news.google.com/rss/articles/CBMiakFVX3lxTE1COUdManVRN3c5QWN6dFpyRHY5RUJNbW5naGhKSnMzb0txN2dseW8zZnRNam8yNjhzQ2EyVHk5Y2w3d3JFZndaMFlkTzkxRHdER0o5ZHhVX1A1VlFONGZNYW1GSnJhb01xYVE?oc=5"" target=""_blank"">Google Pixel 11 review: Our lab tests - display, battery life, charging speed, speaker</a>&nbsp;&nbsp;<font color=""#6f6f6f"">gsmarena.com</font>","Google Pixel 11 review: Our lab tests - display, battery life, charging speed, speaker - gsmarena.com",,https://news.google.com/rss/articles/CBMiakFVX3lxTE1COUdManVRN3c5QWN6dFpyRHY5RUJNbW5naGhKSnMzb0txN2dseW8zZnRNam8yNjhzQ2EyVHk5Y2w3d3JFZndaMFlkTzkxRHdER0o5ZHhVX1A1VlFONGZNYW1GSnJhb01xYVE?oc=5,"Tue, 15 Sep 2026 07:00"
news,"Apple Cuts iPhone Trade-In Values While Raising Mac and iPad - MacRumors. <a href=""https://news.google.com/rss/articles/CBMiekFVX3lxTE9Ocmg1T1NacW1fMEdiQnVVbjZvMjZnMVRxeDZ2Z2V6cUt1UGZoZU1TLTlNQ3VjMUxXdE1KVElsR3F6a2VrX2UtSzhfdE1Fd3RNR3ZPcDRQUkpKbl9iazVUdDJOMlp0ZWhmdkFfdmgtRDRNcl9sV2VHQU5n?oc=5"" target=""_blank"">Apple Cuts iPhone Trade-In Values While Raising Mac and iPad</a>&nbsp;&nbsp;<font color=""#6f6f6f"">MacRumors</font>",Apple Cuts iPhone Trade-In Values While Raising Mac and iPad - MacRumors,,https://news.google.com/rss/articles/CBMiekFVX3lxTE9Ocmg1T1NacW1fMEdiQnVVbjZvMjZnMVRxeDZ2Z2V6cUt1UGZoZU1TLTlNQ3VjMUxXdE1KVElsR3F6a2VrX2UtSzhfdE1Fd3RNR3ZPcDRQUkpKbl9iazVUdDJOMlp0ZWhmdkFfdmgtRDRNcl9sV2VHQU5n?oc=5,"Tue, 15 Sep 2026 13:43"
news,"Apple updates trade-in values following ‘Surprise and Shine’ event, lowers iPhone payouts - 9to5mac.com. <a href=""https://news.google.com/rss/articles/CBMiugFBVV95cUxPMTc2WjJlbEk2LXd0TWpLOWRPeXlFbDkyM2pGdFJzNUdfNExWbE9UckRNNndiWk5HaFUyczZMd2g3NU9LY21iaERUUHhjcVhhekpNU2lHb2J0bzFvMHBsS2psdVpsQjhpQ3JVOUFlQjgycVVpaWF3c3lNaDdvdG45SWtiZWh5N1hvOHlMOW1ZNF80UWVJRm45M3BDZjk5bDZwc1owclN6YlJiQnY2cURMc1JLV1ZBcnBfdVE?oc=5"" target=""_blank"">Apple updates trade-in values following ‘Surprise and Shine’ event, lowers iPhone payouts</a>&nbsp;&nbsp;<font color=""#6f6f6f"">9to5mac.com</font>","Apple updates trade-in values following ‘Surprise and Shine’ event, lowers iPhone payouts - 9to5mac.com",,https://news.google.com/rss/articles/CBMiugFBVV95cUxPMTc2WjJlbEk2LXd0TWpLOWRPeXlFbDkyM2pGdFJzNUdfNExWbE9UckRNNndiWk5HaFUyczZMd2g3NU9LY21iaERUUHhjcVhhekpNU2lHb2J0bzFvMHBsS2psdVpsQjhpQ3JVOUFlQjgycVVpaWF3c3lNaDdvdG45SWtiZWh5N1hvOHlMOW1ZNF80UWVJRm45M3BDZjk5bDZwc1owclN6YlJiQnY2cURMc1JLV1ZBcnBfdVE?oc=5,"Wed, 09 Sep 2026 19:26"
news,"Which iPhone should you buy? We rank every model - Macworld. <a href=""https://news.google.com/rss/articles/CBMigAFBVV95cUxQc21MSVJZOGt2cjdFcTNrVVJQRzEtdEZ2d1BUa2dxT09GRDM3X1M2dXZ2MHhrTVRiaElsc0tNd3U1QzZCYTlxVDlhMFowN1FJZTd3VTFrbWtHcDUzeFVTX0ZsTUVQWEtJdUJ1S3JBejNKT0JMUUI3V1FfUzdab3BQdw?oc=5"" target=""_blank"">Which iPhone should you buy? We rank every model</a>&nbsp;&nbsp;<font color=""#6f6f6f"">Macworld</font>",Which iPhone should you buy? We rank every model - Macworld,,https://news.google.com/rss/articles/CBMigAFBVV95cUxQc21MSVJZOGt2cjdFcTNrVVJQRzEtdEZ2d1BUa2dxT09GRDM3X1M2dXZ2MHhrTVRiaElsc0tNd3U1QzZCYTlxVDlhMFowN1FJZTd3VTFrbWtHcDUzeFVTX0ZsTUVQWEtJdUJ1S3JBejNKT0JMUUI3V1FfUzdab3BQdw?oc=5,"Fri, 11 Sep 2026 07:00"
news,"Apple Extends Free Satellite Access for iPhone 14, 15, and 16 Users - MacRumors. <a href=""https://news.google.com/rss/articles/CBMifkFVX3lxTE9kTWNZTUhFTWtWbzhOWnZEQVozZGxwWnBKckhtZl81TzJ0VU5YS05QaUQzNWFGNFF2RWNReWN1VTdVeXVoeTZNYzU4SGszRnFxX3ExMjJHdzgzeTl1dHlxU01MaTVMQTNORjNvUjVHRU9vZWVGbHBaa0t3cUV5dw?oc=5"" target=""_blank"">Apple Extends Free Satellite Access for iPhone 14, 15, and 16 Users</a>&nbsp;&nbsp;<font color=""#6f6f6f"">MacRumors</font>","Apple Extends Free Satellite Access for iPhone 14, 15, and 16 Users - MacRumors",,https://news.google.com/rss/articles/CBMifkFVX3lxTE9kTWNZTUhFTWtWbzhOWnZEQVozZGxwWnBKckhtZl81TzJ0VU5YS05QaUQzNWFGNFF2RWNReWN1VTdVeXVoeTZNYzU4SGszRnFxX3ExMjJHdzgzeTl1dHlxU01MaTVMQTNORjNvUjVHRU9vZWVGbHBaa0t3cUV5dw?oc=5,"Wed, 09 Sep 2026 17:51"
news,"Apple raises prices of the iPhone 17 series, iPhone Air and iPhone 16 - GSMArena.com news - gsmarena.com. <a href=""https://news.google.com/rss/articles/CBMirAFBVV95cUxQQzlhVWxmaGVfR2NtR2NwYlZMWlBaR01YNjY3alAzem9hdkozWFpFOGRER3lDRXc0WU5tdmtRZ01DYWRwVUxKNzhxU2xadzNoM19KV1Mzc1FjUFplQ09peVF5WUJ0YnIwNVFBWEJERXd2MnlvMmgycUVJaU1YOWZUWHhBaXBqSWRncmFqWTRXNUxFa2RIMDNNX29ncDdCOXlGSnBPU3BvWVkyOUEz0gGoAUFVX3lxTFAybzJlcVlSb1pDZGNqOGYtUHg2SG5xQm0xRFZXOVVRcFVBcVBJV2x4NXBYOXF3OEhyMXpja0R1NVpmeW5VN1B5ejRWYmx2Y0hmdXdCRlZqREQ2RFk2SngxS2IzeVNSRFBnR0plSE03RDE2MlNOY01aVFIxT25PLWZKLWNBQXRweDNkdGtpZXd1bldMOEg3Sms0OUZsTm9fYUpNSlA3M2VIZQ?oc=5"" target=""_blank"">Apple raises prices of the iPhone 17 series, iPhone Air and iPhone 16 - GSMArena.com news</a>&nbsp;&nbsp;<font color=""#6f6f6f"">gsmarena.com</font>","Apple raises prices of the iPhone 17 series, iPhone Air and iPhone 16 - GSMArena.com news - gsmarena.com",,https://news.google.com/rss/articles/CBMirAFBVV95cUxQQzlhVWxmaGVfR2NtR2NwYlZMWlBaR01YNjY3alAzem9hdkozWFpFOGRER3lDRXc0WU5tdmtRZ01DYWRwVUxKNzhxU2xadzNoM19KV1Mzc1FjUFplQ09peVF5WUJ0YnIwNVFBWEJERXd2MnlvMmgycUVJaU1YOWZUWHhBaXBqSWRncmFqWTRXNUxFa2RIMDNNX29ncDdCOXlGSnBPU3BvWVkyOUEz0gGoAUFVX3lxTFAybzJlcVlSb1pDZGNqOGYtUHg2SG5xQm0xRFZXOVVRcFVBcVBJV2x4NXBYOXF3OEhyMXpja0R1NVpmeW5VN1B5ejRWYmx2Y0hmdXdCRlZqREQ2RFk2SngxS2IzeVNSRFBnR0plSE03RDE2MlNOY01aVFIxT25PLWZKLWNBQXRweDNkdGtpZXd1bldMOEg3Sms0OUZsTm9fYUpNSlA3M2VIZQ?oc=5,"Thu, 10 Sep 2026 07:01"
news,"Siri AI is coming to newer Apple devices only, here’s the full list - 9to5mac.com. <a href=""https://news.google.com/rss/articles/CBMingFBVV95cUxPTVdMYjR2ZEtWSjFCbG8yR18ycDNLYUpaNFdTdlEtUFFNWEhpOC1TWC0wTGp2VDZ4UXlHRmlSeGhBbXJ6YzV3akRXOWFYRU8tcS1DMmF1ZFB1aHFLeHUtaEVkZlpqREpKbk9UV0txck5Fd0ZTazhKRDNGSDZ2bFpvaFVyNERjUzk1Sm5tcHoxRV8tZURPOW9MZnhtdFc1dw?oc=5"" target=""_blank"">Siri AI is coming to newer Apple devices only, here’s the full list</a>&nbsp;&nbsp;<font color=""#6f6f6f"">9to5mac.com</font>","Siri AI is coming to newer Apple devices only, here’s the full list - 9to5mac.com",,https://news.google.com/rss/articles/CBMingFBVV95cUxPTVdMYjR2ZEtWSjFCbG8yR18ycDNLYUpaNFdTdlEtUFFNWEhpOC1TWC0wTGp2VDZ4UXlHRmlSeGhBbXJ6YzV3akRXOWFYRU8tcS1DMmF1ZFB1aHFLeHUtaEVkZlpqREpKbk9UV0txck5Fd0ZTazhKRDNGSDZ2bFpvaFVyNERjUzk1Sm5tcHoxRV8tZURPOW9MZnhtdFc1dw?oc=5,"Wed, 05 Aug 2026 07:00"
news,"Apple Raises Trade-In Values for iPhone, Mac, and More - MacRumors. <a href=""https://news.google.com/rss/articles/CBMidEFVX3lxTFBEQTltaVRKc2I2OFFlcF9lbk9ibVhDcjVvRk9rcFluUGctazFQb0ZVci1ibTBac2RXUjFoTjE2UnozbG1iQzJBVjZrVUgxTHE1RnRPUWZUc0FQaE1QWnJrYzZlVkJ3ZHdMVGdOWmJyUHM0TUpI?oc=5"" target=""_blank"">Apple Raises Trade-In Values for iPhone, Mac, and More</a>&nbsp;&nbsp;<font color=""#6f6f6f"">MacRumors</font>","Apple Raises Trade-In Values for iPhone, Mac, and More - MacRumors",,https://news.google.com/rss/articles/CBMidEFVX3lxTFBEQTltaVRKc2I2OFFlcF9lbk9ibVhDcjVvRk9rcFluUGctazFQb0ZVci1ibTBac2RXUjFoTjE2UnozbG1iQzJBVjZrVUgxTHE1RnRPUWZUc0FQaE1QWnJrYzZlVkJ3ZHdMVGdOWmJyUHM0TUpI?oc=5,"Thu, 06 Aug 2026 07:00"
news,"Apple iPhone 18 Pro Camera Review: Small Changes, Big Differences - PetaPixel. <a href=""https://news.google.com/rss/articles/CBMingFBVV95cUxPUGlzdkFFVWNXWWxycHNXNDZUQW92R1EyZDhkTUE4eGd3SWhVLVNjLUl6T2djeERubC1DWDhCbFhHMFhlZnV2M19GV2xtcW5aOTd4Qm1CWXpxREVjUDVPYzJnUlo4dFBnWU5NSFM2NGxUczNDRnBoaE50TTQyRFUwdjI1Mjd0d0NEODZnNXhUQmJFMy1IU3ozRkk1TXlLZw?oc=5"" target=""_blank"">Apple iPhone 18 Pro Camera Review: Small Changes, Big Differences</a>&nbsp;&nbsp;<font color=""#6f6f6f"">PetaPixel</font>","Apple iPhone 18 Pro Camera Review: Small Changes, Big Differences - PetaPixel",,https://news.google.com/rss/articles/CBMingFBVV95cUxPUGlzdkFFVWNXWWxycHNXNDZUQW92R1EyZDhkTUE4eGd3SWhVLVNjLUl6T2djeERubC1DWDhCbFhHMFhlZnV2M19GV2xtcW5aOTd4Qm1CWXpxREVjUDVPYzJnUlo4dFBnWU5NSFM2NGxUczNDRnBoaE50TTQyRFUwdjI1Mjd0d0NEODZnNXhUQmJFMy1IU3ozRkk1TXlLZw?oc=5,"Wed, 16 Sep 2026 12:00"
news,"Major updates for Apple’s software platforms are now available - Apple. <a href=""https://news.google.com/rss/articles/CBMiowFBVV95cUxOZmRRYUVFM1NWTFZia09Ddlpxd0swTmplT1N2SVNIcW41M08zR2p0aDVIbDJfQjlyZ0t3a3FwRG1iY3NZTjBGZjViQWVfOEpHXzA0M2QyU19aR2Y2dVFIYW1tYmp3NThoYVM0Nm9XeXd1TEhhZl9Rc2ZuWWM1SERqUDZDMDFKZlJ1S3dIa3dZdU4wYWUxemJmdVR4VVFiSFBaQzJZ?oc=5"" target=""_blank"">Major updates for Apple’s software platforms are now available</a>&nbsp;&nbsp;<font color=""#6f6f6f"">Apple</font>",Major updates for Apple’s software platforms are now available - Apple,,https://news.google.com/rss/articles/CBMiowFBVV95cUxOZmRRYUVFM1NWTFZia09Ddlpxd0swTmplT1N2SVNIcW41M08zR2p0aDVIbDJfQjlyZ0t3a3FwRG1iY3NZTjBGZjViQWVfOEpHXzA0M2QyU19aR2Y2dVFIYW1tYmp3NThoYVM0Nm9XeXd1TEhhZl9Rc2ZuWWM1SERqUDZDMDFKZlJ1S3dIa3dZdU4wYWUxemJmdVR4VVFiSFBaQzJZ?oc=5,"Mon, 14 Sep 2026 17:11"
news,"Get an iPhone 18 Pro on T-Mobile with any condition trade-in - AppleInsider. <a href=""https://news.google.com/rss/articles/CBMipgFBVV95cUxNMkt6dGk1d25KSUpHSUVjeUppNUs4VFl1blRGNnVHNFluRlRfc24xRjhoeWxOLXY0dVV3c19fMllzTkxFYmpVWExuejYtbjdYMFcxbnI4WGhQNGZzRjJmMEUxSXRwU3RPbkQ1ZnI4ODVhLUJrTURRN2pVb2dCTFJiQzhCaGtFVVJiTGx6dV9KTjJtdVRoSWRYLXNNSl9SaXdTSmN4bUhB?oc=5"" target=""_blank"">Get an iPhone 18 Pro on T-Mobile with any condition trade-in</a>&nbsp;&nbsp;<font color=""#6f6f6f"">AppleInsider</font>",Get an iPhone 18 Pro on T-Mobile with any condition trade-in - AppleInsider,,https://news.google.com/rss/articles/CBMipgFBVV95cUxNMkt6dGk1d25KSUpHSUVjeUppNUs4VFl1blRGNnVHNFluRlRfc24xRjhoeWxOLXY0dVV3c19fMllzTkxFYmpVWExuejYtbjdYMFcxbnI4WGhQNGZzRjJmMEUxSXRwU3RPbkQ1ZnI4ODVhLUJrTURRN2pVb2dCTFJiQzhCaGtFVVJiTGx6dV9KTjJtdVRoSWRYLXNNSl9SaXdTSmN4bUhB?oc=5,"Wed, 16 Sep 2026 15:32"
news,"Photographer Tyler Stalman reviews the iPhone 18 Pro’s new camera with variable aperture - 9to5mac.com. <a href=""https://news.google.com/rss/articles/CBMiuwFBVV95cUxQRmtPOF9NMWJyRGdIZF9zdV9oMV8tTjN5TTkzWFl6cXNsWUtxQmRXSEtiSDY0QXhCWGtrR19PQXNrX1kwX0tvbWZlZy16QWJHYVlxdXREZ1A1dmtjaS1pSWFRZWZBaG1qQ0NXS3JUUWQ2OUVpYW05VWZVb2RmQUtGckJfbFlvV3lrdVhFcjZTeVo2djk0QTZfWmNJcmFmcUJROHFyTGt6TjI0c2dRLU9FazRIa2haTEhDVUpR?oc=5"" target=""_blank"">Photographer Tyler Stalman reviews the iPhone 18 Pro’s new camera with variable aperture</a>&nbsp;&nbsp;<font color=""#6f6f6f"">9to5mac.com</font>",Photographer Tyler Stalman reviews the iPhone 18 Pro’s new camera with variable aperture - 9to5mac.com,,https://news.google.com/rss/articles/CBMiuwFBVV95cUxQRmtPOF9NMWJyRGdIZF9zdV9oMV8tTjN5TTkzWFl6cXNsWUtxQmRXSEtiSDY0QXhCWGtrR19PQXNrX1kwX0tvbWZlZy16QWJHYVlxdXREZ1A1dmtjaS1pSWFRZWZBaG1qQ0NXS3JUUWQ2OUVpYW05VWZVb2RmQUtGckJfbFlvV3lrdVhFcjZTeVo2djk0QTZfWmNJcmFmcUJROHFyTGt6TjI0c2dRLU9FazRIa2haTEhDVUpR?oc=5,"Thu, 17 Sep 2026 01:24"
news,"Rumor claims iPhone Duo 2 could launch in spring 2027 ahead of iPhone Ultra - The Apple Post. <a href=""https://news.google.com/rss/articles/CBMivwFBVV95cUxQTG5ITmszNmNpaVFzQ1hvWlN6Nkx3SFF2dmRRZ1hEemhXUXhRVFcwYmlrQzhZWjI3Z1psSHlYbXdUNWtEbzlDZHczUElHTWRMdmNSdXMzbFlKTmxFVUtZcVl0LWRNZWN0ay1rSHhiZ0UxS0NFVlNNd1ByYURoZlp2YUF4Z21TYmJwRXRuX21JNW9RVi02UWlTdi1uVnROTEhpdExyYmlaUEFsdEJGWG9TN1RoaUt2SWVUTm52X0JMMNIBxAFBVV95cUxPektNNUpMRjlCa0xzbXZETFl6QkNFU2l4eEhSOXJhblFFWXZ1QklPSy1wMkhwVW9ENVItTWNKY19vQ3BRWDcybDBudUQ5ODFRWHg1UDRkaUIza2t5d2JXVnZTdlk4T2M0b0o4RGZpUk1ZNmNWQlE4bVo4NFk5ZS1tTkwxRWRuclRZWFdSdktfV0JESUJaNlVLa05YMk9HbkJqMlFNeG9qdHR4RjVaVHdTaml6R1l4MTBhQzl5T3c5Q3V3VlNP?oc=5"" target=""_blank"">Rumor claims iPhone Duo 2 could launch in spring 2027 ahead of iPhone Ultra</a>&nbsp;&nbsp;<font color=""#6f6f6f"">The Apple Post</font>",Rumor claims iPhone Duo 2 could launch in spring 2027 ahead of iPhone Ultra - The Apple Post,,https://news.google.com/rss/articles/CBMivwFBVV95cUxQTG5ITmszNmNpaVFzQ1hvWlN6Nkx3SFF2dmRRZ1hEemhXUXhRVFcwYmlrQzhZWjI3Z1psSHlYbXdUNWtEbzlDZHczUElHTWRMdmNSdXMzbFlKTmxFVUtZcVl0LWRNZWN0ay1rSHhiZ0UxS0NFVlNNd1ByYURoZlp2YUF4Z21TYmJwRXRuX21JNW9RVi02UWlTdi1uVnROTEhpdExyYmlaUEFsdEJGWG9TN1RoaUt2SWVUTm52X0JMMNIBxAFBVV95cUxPektNNUpMRjlCa0xzbXZETFl6QkNFU2l4eEhSOXJhblFFWXZ1QklPSy1wMkhwVW9ENVItTWNKY19vQ3BRWDcybDBudUQ5ODFRWHg1UDRkaUIza2t5d2JXVnZTdlk4T2M0b0o4RGZpUk1ZNmNWQlE4bVo4NFk5ZS1tTkwxRWRuclRZWFdSdktfV0JESUJaNlVLa05YMk9HbkJqMlFNeG9qdHR4RjVaVHdTaml6R1l4MTBhQzl5T3c5Q3V3VlNP?oc=5,"Thu, 17 Sep 2026 11:33"
